-- Insert Suppliers
INSERT INTO Suppliers (SupplierID, SupplierName, ContactInformation, ProductCategoriesSupplied)
VALUES
    ('00000000-0000-0000-0001-000000000001', 'ElectroTech Suppliers', '123-456-7890', ARRAY['Electronics']),
    ('00000000-0000-0000-0002-000000000002', 'Fashion Trends Supplier', '987-654-3210', ARRAY['Clothing and Fashion']),
    ('00000000-0000-0000-0003-000000000003', 'BookWorld Publishers', '555-123-4567', ARRAY['Books']);

-- Insert Warehouses
INSERT INTO Warehouses (WarehouseID, WarehouseName, Location, Capacity, ContactInformation)
VALUES
    ('00000000-0000-0000-0004-000000000004', 'Tech Haven Warehouse', 'Tech City', 1000, '111-222-3333'),
    ('00000000-0000-0000-0005-000000000005', 'Fashion Depot Warehouse', 'Fashion District', 800, '444-555-6666'),
    ('00000000-0000-0000-0006-000000000006', 'BookWorld Storage', 'Book Town', 500, '777-888-9999');

-- Insert Products
INSERT INTO Products (ProductID, ProductName, ProductDescription, Category, Price, SupplierID, WarehouseID)
VALUES
    ('00000000-0000-0000-0007-000000000007', 'Smartphone X', 'Latest smartphone model', 'Electronics', 799.99, '00000000-0000-0000-0001-000000000001', '00000000-0000-0000-0004-000000000004'),
    ('00000000-0000-0000-0008-000000000008', 'Laptop Pro', 'High-performance laptop', 'Electronics', 1299.99, '00000000-0000-0000-0001-000000000001', '00000000-0000-0000-0004-000000000004'),
    ('00000000-0000-0000-0009-000000000009', 'Fashionable Jacket', 'Warm and stylish jacket', 'Clothing and Fashion', 79.99, '00000000-0000-0000-0002-000000000002', '00000000-0000-0000-0005-000000000005'),
    ('00000000-0000-0000-0010-000000000010', 'Bestseller Novel', 'Compelling story', 'Books', 19.99, '00000000-0000-0000-0003-000000000003', '00000000-0000-0000-0006-000000000006');
    

-- Insert Orders
INSERT INTO Orders (OrderID, OrderDate, CustomerName, OrderStatus, TotalOrderAmount, ShippingAddress)
VALUES
    ('00000000-0000-0000-0011-000000000011', '2023-11-01', 'John Gomez', 'Pending', 799.99, '123 Main St, Cityville'),
    ('00000000-0000-0000-0012-000000000012', '2023-11-02', 'Emily Johnson', 'Shipped', 1299.99, '456 Oak St, Townsville'),
    ('00000000-0000-0000-0013-000000000013', '2023-11-03', 'Michael Smith', 'Delivered', 79.99, '789 Pine St, Villageton'),
    ('00000000-0000-0000-0014-000000000014', '2023-11-04', 'Sophia Davis', 'Pending', 19.99, '987 Elm St, Boroughburg');

-- Insert OrderDetails
INSERT INTO OrderDetails (OrderDetailID, OrderID, ProductID, QuantityOrdered, UnitPrice, TotalLineItemAmount, SupplierID)
VALUES
    ('00000000-0000-0000-0015-000000000015', '00000000-0000-0000-0011-000000000011', '00000000-0000-0000-0007-000000000007', 2, 399.99, 799.99, '00000000-0000-0000-0001-000000000001'),
    ('00000000-0000-0000-0016-000000000016', '00000000-0000-0000-0012-000000000012', '00000000-0000-0000-0008-000000000008', 1, 1299.99, 1299.99, '00000000-0000-0000-0001-000000000001'),
    ('00000000-0000-0000-0017-000000000017', '00000000-0000-0000-0013-000000000013', '00000000-0000-0000-0009-000000000009', 1, 79.99, 79.99, '00000000-0000-0000-0002-000000000002'),
    ('00000000-0000-0000-0018-000000000018', '00000000-0000-0000-0014-000000000014', '00000000-0000-0000-0010-000000000010', 3, 19.99, 59.97, '00000000-0000-0000-0003-000000000003');


-- Insert Shipments
INSERT INTO Shipments (ShipmentID, OrderID, WarehouseID, ShipmentDate, ShipmentStatus, TrackingInformation)
VALUES
    ('00000000-0000-0000-0019-000000000019', '00000000-0000-0000-0011-000000000011', '00000000-0000-0000-0004-000000000004', '2023-11-02', 'Shipped', 'ABC123'),
    ('00000000-0000-0000-0020-000000000020', '00000000-0000-0000-0012-000000000012', '00000000-0000-0000-0004-000000000004', '2023-11-03', 'In Transit', 'XYZ456'),
    ('00000000-0000-0000-0021-000000000021', '00000000-0000-0000-0013-000000000013', '00000000-0000-0000-0005-000000000005', '2023-11-04', 'Delivered', '123XYZ'),
    ('00000000-0000-0000-0022-000000000022', '00000000-0000-0000-0014-000000000014', '00000000-0000-0000-0006-000000000006', '2023-11-05', 'Processing', 'AEDSR');

-- Insert InventoryLevels
INSERT INTO InventoryLevels (WarehouseID, ProductID, QuantityOnHand, MinimumStockLevel, MaximumStockLevel, ReorderPoint, LastRestockDate)
VALUES
    ('00000000-0000-0000-0004-000000000004', '00000000-0000-0000-0007-000000000007', 50, 20, 100, 30, '2023-10-31'),
    ('00000000-0000-0000-0004-000000000004', '00000000-0000-0000-0008-000000000008', 30, 15, 80, 25, '2023-10-31'),
    ('00000000-0000-0000-0005-000000000005', '00000000-0000-0000-0009-000000000009', 15, 5, 50, 10, '2023-10-31'),
    ('00000000-0000-0000-0006-000000000006', '00000000-0000-0000-0010-000000000010', 100, 30, 150, 50, '2023-10-31');
